Dataset_Name,Dataset_Type,Problem_Type,Model_Type,N,Selected_N,Final_Selected_Calibrator,Final_Test_Performance
Asteroid_Dataset,binary,tabular,ADABOOST,1,['AdaptiveTemperatureScaling'],AdaptiveTemperatureScaling,0.002212075939141419
Asteroid_Dataset,binary,tabular,DECISION_TREE,1,['TEMPERATURESCALING'],TEMPERATURESCALING,5.8978804274856245e-06
Asteroid_Dataset,binary,tabular,GRADIENT_BOOSTING,1,['MATRIXSCALING'],MATRIXSCALING,1.752674496924289e-05
Asteroid_Dataset,binary,tabular,NAIVE_BAYES,1,['ISOTONIC'],ISOTONIC,0.00024413618462010617
Asteroid_Dataset,binary,tabular,RANDOM_FOREST,1,['TEMPERATURESCALING'],TEMPERATURESCALING,3.1259539824166826e-05
Asteroid_Dataset,binary,tabular,SVM,1,['META'],META,0.19164496273689563
Asteroid_Dataset,binary,tabular,XGBOOST,1,['HISTOGRM'],HISTOGRM,3.707094737415151e-05
BraidFlow,multi-class,tabular,ADABOOST,1,['DIRICHLET'],DIRICHLET,0.0005083680152893066
BraidFlow,multi-class,tabular,DECISION_TREE,1,['MIXANDMATCH'],MIXANDMATCH,0.0
BraidFlow,multi-class,tabular,GRADIENT_BOOSTING,1,['AdaptiveTemperatureScaling'],AdaptiveTemperatureScaling,2.676248550415039e-05
BraidFlow,multi-class,tabular,NAIVE_BAYES,1,['MIXANDMATCH'],MIXANDMATCH,0.23465773065884907
BraidFlow,multi-class,tabular,RANDOM_FOREST,1,['ISOTONIC'],ISOTONIC,0.2968253968253968
BraidFlow,multi-class,tabular,SVM,1,['META'],META,0.0666666666666666
BraidFlow,multi-class,tabular,XGBOOST,1,['HISTOGRM'],HISTOGRM,0.0
Dataset-Mental-Disorders,multi-class,tabular,ADABOOST,1,['BETA'],BETA,0.2019557210495264
Dataset-Mental-Disorders,multi-class,tabular,DECISION_TREE,1,['DIRICHLET'],DIRICHLET,0.12202699979146321
Dataset-Mental-Disorders,multi-class,tabular,GRADIENT_BOOSTING,1,['HISTOGRM'],HISTOGRM,0.060416666666666674
Dataset-Mental-Disorders,multi-class,tabular,NAIVE_BAYES,1,['IMAX'],IMAX,0.29166666666666663
Dataset-Mental-Disorders,multi-class,tabular,RANDOM_FOREST,1,['VECTORSCALING'],VECTORSCALING,0.14396932969490686
Dataset-Mental-Disorders,multi-class,tabular,SVM,1,['EMPIRICALBINNING'],EMPIRICALBINNING,0.019230769230769218
Dataset-Mental-Disorders,multi-class,tabular,XGBOOST,1,['MATRIXSCALING'],MATRIXSCALING,0.15478132416804632
GCM,multi-class,tabular,ADABOOST,1,['MATRIXSCALING'],MATRIXSCALING,0.004088616684863433
GCM,multi-class,tabular,DECISION_TREE,1,['PLATT'],PLATT,0.11888424192482554
GCM,multi-class,tabular,GRADIENT_BOOSTING,1,['BETA'],BETA,0.1797589059106257
GCM,multi-class,tabular,NAIVE_BAYES,1,['DIRICHLET'],DIRICHLET,0.10628877854660938
GCM,multi-class,tabular,RANDOM_FOREST,1,['PLATT'],PLATT,0.11925802452114939
GCM,multi-class,tabular,SVM,1,['PLATT'],PLATT,0.04996810139694142
GCM,multi-class,tabular,XGBOOST,1,['HISTOGRM'],HISTOGRM,0.10087719298245612
HateSpeechDatasetBalanced,binary,language,FASTTEXT,1,['DIRICHLET'],DIRICHLET,0.024105772045251883
HateSpeechDatasetBalanced,binary,language,TINYBERT,1,['TEMPERATURESCALING'],TEMPERATURESCALING,0.03267198886656866
Language_Detection,multi-class,language,FASTTEXT,1,['MIXANDMATCH'],MIXANDMATCH,6.483117662500759e-05
Language_Detection,multi-class,language,TINYBERT,1,['HISTOGRM'],HISTOGRM,0.02200270435180937
MNIST,multi-class,image,MOBILENET,1,['HISTOGRM'],HISTOGRM,0.01108108911827675
MNIST,multi-class,image,RESNET18,1,['MATRIXSCALING'],MATRIXSCALING,0.0008010664910078223
MNIST,multi-class,image,VGG16,1,['META'],META,0.0020000000000000157
MNIST,multi-class,image,VGG19,1,['PLATT'],PLATT,0.0023507149971379866
Obesity_Classification,multi-class,tabular,ADABOOST,1,['ISOTONIC'],ISOTONIC,0.16558441558441558
Obesity_Classification,multi-class,tabular,DECISION_TREE,1,['VECTORSCALING'],VECTORSCALING,0.018778903917832768
Obesity_Classification,multi-class,tabular,GRADIENT_BOOSTING,1,['MATRIXSCALING'],MATRIXSCALING,2.384185791015625e-07
Obesity_Classification,multi-class,tabular,NAIVE_BAYES,1,['IMAX'],IMAX,0.09090909090909095
Obesity_Classification,multi-class,tabular,RANDOM_FOREST,1,['PLATT'],PLATT,0.02289735076978704
Obesity_Classification,multi-class,tabular,SVM,1,['IMAX'],IMAX,0.13636363636363635
Obesity_Classification,multi-class,tabular,XGBOOST,1,['META'],META,0.022727272727272707
Period_Changer,binary,tabular,ADABOOST,1,['BETA'],BETA,0.15842825213918563
Period_Changer,binary,tabular,DECISION_TREE,1,['BETA'],BETA,0.05483380614432132
Period_Changer,binary,tabular,GRADIENT_BOOSTING,1,['BETA'],BETA,0.05777572571755559
Period_Changer,binary,tabular,NAIVE_BAYES,1,['VECTORSCALING'],VECTORSCALING,0.039697011311848995
Period_Changer,binary,tabular,RANDOM_FOREST,1,['EMPIRICALBINNING'],EMPIRICALBINNING,0.10000000000000003
Period_Changer,binary,tabular,SVM,1,['TEMPERATURESCALING'],TEMPERATURESCALING,0.029668251673380497
Period_Changer,binary,tabular,XGBOOST,1,['ISOTONIC'],ISOTONIC,0.3277795315090638
SomervilleHappinessSurvey2015,binary,tabular,ADABOOST,1,['EMPIRICALBINNING'],EMPIRICALBINNING,0.06294471811713191
SomervilleHappinessSurvey2015,binary,tabular,DECISION_TREE,1,['ISOTONIC'],ISOTONIC,0.0344827586206895
SomervilleHappinessSurvey2015,binary,tabular,GRADIENT_BOOSTING,1,['ISOTONIC'],ISOTONIC,0.18159131721507857
SomervilleHappinessSurvey2015,binary,tabular,NAIVE_BAYES,1,['BETA'],BETA,0.15352060695361647
SomervilleHappinessSurvey2015,binary,tabular,RANDOM_FOREST,1,['MATRIXSCALING'],MATRIXSCALING,0.06110002254617628
SomervilleHappinessSurvey2015,binary,tabular,SVM,1,['HISTOGRM'],HISTOGRM,0.09080459770114932
SomervilleHappinessSurvey2015,binary,tabular,XGBOOST,1,['VECTORSCALING'],VECTORSCALING,0.0028388520766948755
Toxicity,binary,tabular,ADABOOST,1,['MATRIXSCALING'],MATRIXSCALING,0.02345309598105294
Toxicity,binary,tabular,DECISION_TREE,1,['AdaptiveTemperatureScaling'],AdaptiveTemperatureScaling,0.06783625738961357
Toxicity,binary,tabular,GRADIENT_BOOSTING,1,['DIRICHLET'],DIRICHLET,0.09364741018840242
Toxicity,binary,tabular,NAIVE_BAYES,1,['MATRIXSCALING'],MATRIXSCALING,0.008409420081547325
Toxicity,binary,tabular,RANDOM_FOREST,1,['DIRICHLET'],DIRICHLET,0.015821894577571327
Toxicity,binary,tabular,SVM,1,['TEMPERATURESCALING'],TEMPERATURESCALING,0.032683656896863665
Toxicity,binary,tabular,XGBOOST,1,['MATRIXSCALING'],MATRIXSCALING,0.009871205261775429
USPS,multi-class,image,MOBILENET,1,['PLATT'],PLATT,0.022738890821048387
USPS,multi-class,image,RESNET18,1,['MATRIXSCALING'],MATRIXSCALING,0.02935538049295402
USPS,multi-class,image,VGG16,1,['AdaptiveTemperatureScaling'],AdaptiveTemperatureScaling,0.040041744612495156
USPS,multi-class,image,VGG19,1,['PLATT'],PLATT,0.015634381604628485
Zombies-Apocalypse,binary,tabular,ADABOOST,1,['TEMPERATURESCALING'],TEMPERATURESCALING,0.0
Zombies-Apocalypse,binary,tabular,DECISION_TREE,1,['PLATT'],PLATT,9.99422766767566e-13
Zombies-Apocalypse,binary,tabular,GRADIENT_BOOSTING,1,['TEMPERATURESCALING'],TEMPERATURESCALING,0.0
Zombies-Apocalypse,binary,tabular,NAIVE_BAYES,1,['AdaptiveTemperatureScaling'],AdaptiveTemperatureScaling,0.024170184135437034
Zombies-Apocalypse,binary,tabular,RANDOM_FOREST,1,['PLATT'],PLATT,1.283376447558382e-06
Zombies-Apocalypse,binary,tabular,SVM,1,['EMPIRICALBINNING'],EMPIRICALBINNING,0.275
Zombies-Apocalypse,binary,tabular,XGBOOST,1,['MIXANDMATCH'],MIXANDMATCH,0.02399998903274536
ad_click,binary,tabular,ADABOOST,1,['EMPIRICALBINNING'],EMPIRICALBINNING,0.00378103935638183
ad_click,binary,tabular,DECISION_TREE,1,['EMPIRICALBINNING'],EMPIRICALBINNING,0.003132203556381774
ad_click,binary,tabular,GRADIENT_BOOSTING,1,['HISTOGRM'],HISTOGRM,0.0414994202923877
ad_click,binary,tabular,NAIVE_BAYES,1,['AdaptiveTemperatureScaling'],AdaptiveTemperatureScaling,0.08635810303688049
ad_click,binary,tabular,RANDOM_FOREST,1,['BETA'],BETA,0.06156128043342138
ad_click,binary,tabular,SVM,1,['BETA'],BETA,0.0010074931068779769
ad_click,binary,tabular,XGBOOST,1,['PLATT'],PLATT,0.02081179298006934
aids_clinical_trials_group_study_175,binary,tabular,ADABOOST,1,['EMPIRICALBINNING'],EMPIRICALBINNING,0.2675233644859813
aids_clinical_trials_group_study_175,binary,tabular,DECISION_TREE,1,['DIRICHLET'],DIRICHLET,0.018763215742378575
aids_clinical_trials_group_study_175,binary,tabular,GRADIENT_BOOSTING,1,['ISOTONIC'],ISOTONIC,0.02228241818329433
aids_clinical_trials_group_study_175,binary,tabular,NAIVE_BAYES,1,['EMPIRICALBINNING'],EMPIRICALBINNING,0.30417879577141105
aids_clinical_trials_group_study_175,binary,tabular,RANDOM_FOREST,1,['MATRIXSCALING'],MATRIXSCALING,0.017116881280301886
aids_clinical_trials_group_study_175,binary,tabular,SVM,1,['DIRICHLET'],DIRICHLET,0.02126367292671557
aids_clinical_trials_group_study_175,binary,tabular,XGBOOST,1,['MATRIXSCALING'],MATRIXSCALING,0.03245578274548608
desharnais,multi-class,tabular,ADABOOST,1,['VECTORSCALING'],VECTORSCALING,0.025227020768558317
desharnais,multi-class,tabular,DECISION_TREE,1,['MATRIXSCALING'],MATRIXSCALING,0.07193753999822283
desharnais,multi-class,tabular,GRADIENT_BOOSTING,1,['VECTORSCALING'],VECTORSCALING,0.08230729839381047
desharnais,multi-class,tabular,NAIVE_BAYES,1,['MATRIXSCALING'],MATRIXSCALING,0.16151044649236343
desharnais,multi-class,tabular,RANDOM_FOREST,1,['DIRICHLET'],DIRICHLET,0.1275948215933407
desharnais,multi-class,tabular,SVM,1,['MATRIXSCALING'],MATRIXSCALING,0.11420953624388751
desharnais,multi-class,tabular,XGBOOST,1,['PLATT'],PLATT,0.12506891529953745
detect_dataset,binary,tabular,ADABOOST,1,['META'],META,0.04185755935027069
detect_dataset,binary,tabular,DECISION_TREE,1,['VECTORSCALING'],VECTORSCALING,0.002485421487362527
detect_dataset,binary,tabular,GRADIENT_BOOSTING,1,['HISTOGRM'],HISTOGRM,0.00042872415689927
detect_dataset,binary,tabular,NAIVE_BAYES,1,['BETA'],BETA,0.007397673559776841
detect_dataset,binary,tabular,RANDOM_FOREST,1,['META'],META,0.04185755935027069
detect_dataset,binary,tabular,SVM,1,['DIRICHLET'],DIRICHLET,0.0024499931667110544
detect_dataset,binary,tabular,XGBOOST,1,['AdaptiveTemperatureScaling'],AdaptiveTemperatureScaling,0.0036043908535466104
drug200,multi-class,tabular,ADABOOST,1,['META'],META,0.25
drug200,multi-class,tabular,DECISION_TREE,1,['MIXANDMATCH'],MIXANDMATCH,0.024166226387023926
drug200,multi-class,tabular,GRADIENT_BOOSTING,1,['EMPIRICALBINNING'],EMPIRICALBINNING,0.54125
drug200,multi-class,tabular,NAIVE_BAYES,1,['BETA'],BETA,0.0821894156354069
drug200,multi-class,tabular,RANDOM_FOREST,1,['AdaptiveTemperatureScaling'],AdaptiveTemperatureScaling,0.00023919343948364258
drug200,multi-class,tabular,SVM,1,['META'],META,0.09314979225397112
drug200,multi-class,tabular,XGBOOST,1,['DIRICHLET'],DIRICHLET,2.9087066650390625e-05
gender,binary,tabular,ADABOOST,1,['IMAX'],IMAX,0.5714285714285714
gender,binary,tabular,DECISION_TREE,1,['IMAX'],IMAX,0.09523808530398778
gender,binary,tabular,GRADIENT_BOOSTING,1,['META'],META,0.0
gender,binary,tabular,NAIVE_BAYES,1,['VECTORSCALING'],VECTORSCALING,0.10306102037429812
gender,binary,tabular,RANDOM_FOREST,1,['PLATT'],PLATT,0.02344330956217855
gender,binary,tabular,SVM,1,['MATRIXSCALING'],MATRIXSCALING,0.035020291805267334
gender,binary,tabular,XGBOOST,1,['EMPIRICALBINNING'],EMPIRICALBINNING,0.059183673469387764
gina_prior2,multi-class,tabular,ADABOOST,1,['VECTORSCALING'],VECTORSCALING,0.004861290005682528
gina_prior2,multi-class,tabular,DECISION_TREE,1,['MATRIXSCALING'],MATRIXSCALING,0.021299808143882295
gina_prior2,multi-class,tabular,GRADIENT_BOOSTING,1,['AdaptiveTemperatureScaling'],AdaptiveTemperatureScaling,0.06508532295309505
gina_prior2,multi-class,tabular,NAIVE_BAYES,1,['TEMPERATURESCALING'],TEMPERATURESCALING,0.0015746358062760663
gina_prior2,multi-class,tabular,RANDOM_FOREST,1,['TEMPERATURESCALING'],TEMPERATURESCALING,0.018638525362145348
gina_prior2,multi-class,tabular,SVM,1,['IMAX'],IMAX,0.0911241503652475
gina_prior2,multi-class,tabular,XGBOOST,1,['BETA'],BETA,0.03381646964911585
heart-long-beach,multi-class,tabular,ADABOOST,1,['HISTOGRM'],HISTOGRM,0.09999999999999999
heart-long-beach,multi-class,tabular,DECISION_TREE,1,['ISOTONIC'],ISOTONIC,0.05061744833393465
heart-long-beach,multi-class,tabular,GRADIENT_BOOSTING,1,['IMAX'],IMAX,0.35
heart-long-beach,multi-class,tabular,NAIVE_BAYES,1,['BETA'],BETA,0.06594694177121233
heart-long-beach,multi-class,tabular,RANDOM_FOREST,1,['PLATT'],PLATT,0.0174344390942441
heart-long-beach,multi-class,tabular,SVM,1,['VECTORSCALING'],VECTORSCALING,0.0774964027106762
heart-long-beach,multi-class,tabular,XGBOOST,1,['META'],META,0.04999999999999999
income_evaluation,binary,tabular,ADABOOST,1,['AdaptiveTemperatureScaling'],AdaptiveTemperatureScaling,0.007253985461342362
income_evaluation,binary,tabular,DECISION_TREE,1,['META'],META,0.25909719023491473
income_evaluation,binary,tabular,GRADIENT_BOOSTING,1,['TEMPERATURESCALING'],TEMPERATURESCALING,0.03184732204938326
income_evaluation,binary,tabular,NAIVE_BAYES,1,['TEMPERATURESCALING'],TEMPERATURESCALING,0.04367127258181293
income_evaluation,binary,tabular,RANDOM_FOREST,1,['VECTORSCALING'],VECTORSCALING,0.02825080685840302
income_evaluation,binary,tabular,SVM,1,['IMAX'],IMAX,0.03753467881329943
income_evaluation,binary,tabular,XGBOOST,1,['MATRIXSCALING'],MATRIXSCALING,0.026874565490650648
kc2,binary,tabular,ADABOOST,1,['MATRIXSCALING'],MATRIXSCALING,0.07793914363497777
kc2,binary,tabular,DECISION_TREE,1,['MIXANDMATCH'],MIXANDMATCH,0.03761914003463017
kc2,binary,tabular,GRADIENT_BOOSTING,1,['AdaptiveTemperatureScaling'],AdaptiveTemperatureScaling,0.15712659245445612
kc2,binary,tabular,NAIVE_BAYES,1,['PLATT'],PLATT,0.04773089173286598
kc2,binary,tabular,RANDOM_FOREST,1,['TEMPERATURESCALING'],TEMPERATURESCALING,0.01752573138191586
kc2,binary,tabular,SVM,1,['TEMPERATURESCALING'],TEMPERATURESCALING,0.04538263196036929
kc2,binary,tabular,XGBOOST,1,['DIRICHLET'],DIRICHLET,0.03892534744171865
monks-problems-1,binary,tabular,ADABOOST,1,['ISOTONIC'],ISOTONIC,0.03658536585365841
monks-problems-1,binary,tabular,DECISION_TREE,1,['HISTOGRM'],HISTOGRM,0.0
monks-problems-1,binary,tabular,GRADIENT_BOOSTING,1,['BETA'],BETA,6.426322920283223e-05
monks-problems-1,binary,tabular,NAIVE_BAYES,1,['HISTOGRM'],HISTOGRM,0.06870655059761767
monks-problems-1,binary,tabular,RANDOM_FOREST,1,['BETA'],BETA,0.0006533011153065926
monks-problems-1,binary,tabular,SVM,1,['TEMPERATURESCALING'],TEMPERATURESCALING,0.04174116786037171
monks-problems-1,binary,tabular,XGBOOST,1,['AdaptiveTemperatureScaling'],AdaptiveTemperatureScaling,2.0325183868408203e-05
postoperative-patient-data,binary,tabular,ADABOOST,1,['MIXANDMATCH'],MIXANDMATCH,0.03472222222222221
postoperative-patient-data,binary,tabular,DECISION_TREE,1,['MATRIXSCALING'],MATRIXSCALING,0.013003898991478802
postoperative-patient-data,binary,tabular,GRADIENT_BOOSTING,1,['HISTOGRM'],HISTOGRM,0.04629629629629628
postoperative-patient-data,binary,tabular,NAIVE_BAYES,1,['META'],META,0.1225174003177219
postoperative-patient-data,binary,tabular,RANDOM_FOREST,1,['IMAX'],IMAX,0.38888888888888884
postoperative-patient-data,binary,tabular,SVM,1,['VECTORSCALING'],VECTORSCALING,0.043288714355892606
postoperative-patient-data,binary,tabular,XGBOOST,1,['BETA'],BETA,0.15355613920126343
preterm,binary,tabular,ADABOOST,1,['EMPIRICALBINNING'],EMPIRICALBINNING,0.3333333333333333
preterm,binary,tabular,DECISION_TREE,1,['MATRIXSCALING'],MATRIXSCALING,5.960464477539063e-08
preterm,binary,tabular,GRADIENT_BOOSTING,1,['EMPIRICALBINNING'],EMPIRICALBINNING,0.3333333333333333
preterm,binary,tabular,NAIVE_BAYES,1,['EMPIRICALBINNING'],EMPIRICALBINNING,0.3333333333333333
preterm,binary,tabular,RANDOM_FOREST,1,['MATRIXSCALING'],MATRIXSCALING,1.049041748046875e-05
preterm,binary,tabular,SVM,1,['AdaptiveTemperatureScaling'],AdaptiveTemperatureScaling,0.011975059906641642
preterm,binary,tabular,XGBOOST,1,['AdaptiveTemperatureScaling'],AdaptiveTemperatureScaling,4.369020462036133e-05
wdbc,binary,tabular,ADABOOST,1,['TEMPERATURESCALING'],TEMPERATURESCALING,0.010079247909679716
wdbc,binary,tabular,DECISION_TREE,1,['DIRICHLET'],DIRICHLET,0.007332706137707335
wdbc,binary,tabular,GRADIENT_BOOSTING,1,['VECTORSCALING'],VECTORSCALING,0.02914767882280182
wdbc,binary,tabular,NAIVE_BAYES,1,['TEMPERATURESCALING'],TEMPERATURESCALING,0.009700626657720202
wdbc,binary,tabular,RANDOM_FOREST,1,['MIXANDMATCH'],MIXANDMATCH,0.018867641687393185
wdbc,binary,tabular,SVM,1,['HISTOGRM'],HISTOGRM,0.01535087719298245
wdbc,binary,tabular,XGBOOST,1,['VECTORSCALING'],VECTORSCALING,0.024239081039763383
wheat,multi-class,tabular,ADABOOST,1,['HISTOGRM'],HISTOGRM,0.055555555555555566
wheat,multi-class,tabular,DECISION_TREE,1,['BETA'],BETA,0.04556186763309603
wheat,multi-class,tabular,GRADIENT_BOOSTING,1,['VECTORSCALING'],VECTORSCALING,0.020665402923311482
wheat,multi-class,tabular,NAIVE_BAYES,1,['VECTORSCALING'],VECTORSCALING,0.07623696469125292
wheat,multi-class,tabular,RANDOM_FOREST,1,['VECTORSCALING'],VECTORSCALING,0.04732472839809602
wheat,multi-class,tabular,SVM,1,['EMPIRICALBINNING'],EMPIRICALBINNING,0.35993458762163993
wheat,multi-class,tabular,XGBOOST,1,['IMAX'],IMAX,0.05639589152165821
wilt,binary,tabular,ADABOOST,1,['AdaptiveTemperatureScaling'],AdaptiveTemperatureScaling,0.004793986123948047
wilt,binary,tabular,DECISION_TREE,1,['MIXANDMATCH'],MIXANDMATCH,0.008894169133556725
wilt,binary,tabular,GRADIENT_BOOSTING,1,['TEMPERATURESCALING'],TEMPERATURESCALING,0.0031963767837887105
wilt,binary,tabular,NAIVE_BAYES,1,['VECTORSCALING'],VECTORSCALING,0.01648813332161626
wilt,binary,tabular,RANDOM_FOREST,1,['ISOTONIC'],ISOTONIC,0.00975887848525106
wilt,binary,tabular,SVM,1,['AdaptiveTemperatureScaling'],AdaptiveTemperatureScaling,0.011203774120196863
wilt,binary,tabular,XGBOOST,1,['MIXANDMATCH'],MIXANDMATCH,0.008379591398002723
wine_data,multi-class,tabular,ADABOOST,1,['VECTORSCALING'],VECTORSCALING,0.02579832865368751
wine_data,multi-class,tabular,DECISION_TREE,1,['BETA'],BETA,0.008701270841220632
wine_data,multi-class,tabular,GRADIENT_BOOSTING,1,['MATRIXSCALING'],MATRIXSCALING,0.01435756620551858
wine_data,multi-class,tabular,NAIVE_BAYES,1,['MIXANDMATCH'],MIXANDMATCH,0.045686419953902574
wine_data,multi-class,tabular,RANDOM_FOREST,1,['BETA'],BETA,0.09339829239446117
wine_data,multi-class,tabular,SVM,1,['HISTOGRM'],HISTOGRM,0.014843324999052932
wine_data,multi-class,tabular,XGBOOST,1,['VECTORSCALING'],VECTORSCALING,0.014762416552929654
Asteroid_Dataset,binary,tabular,ADABOOST,2,"['AdaptiveTemperatureScaling', 'IMAX']",AdaptiveTemperatureScaling,0.002212075939141419
Asteroid_Dataset,binary,tabular,DECISION_TREE,2,"['TEMPERATURESCALING', 'MIXANDMATCH']",TEMPERATURESCALING,5.8978804274856245e-06
Asteroid_Dataset,binary,tabular,GRADIENT_BOOSTING,2,"['MATRIXSCALING', 'DIRICHLET']",DIRICHLET,2.0891419724167193e-06
Asteroid_Dataset,binary,tabular,NAIVE_BAYES,2,"['ISOTONIC', 'BETA']",ISOTONIC,0.00024413618462010617
Asteroid_Dataset,binary,tabular,RANDOM_FOREST,2,"['TEMPERATURESCALING', 'META']",TEMPERATURESCALING,3.1259539824166826e-05
Asteroid_Dataset,binary,tabular,SVM,2,"['META', 'PLATT']",PLATT,2.5517953750053834e-08
Asteroid_Dataset,binary,tabular,XGBOOST,2,"['HISTOGRM', 'META']",HISTOGRM,3.707094737415151e-05
BraidFlow,multi-class,tabular,ADABOOST,2,"['DIRICHLET', 'BETA']",BETA,2.4820384322721267e-05
BraidFlow,multi-class,tabular,DECISION_TREE,2,"['MIXANDMATCH', 'IMAX']",MIXANDMATCH,0.0
BraidFlow,multi-class,tabular,GRADIENT_BOOSTING,2,"['AdaptiveTemperatureScaling', 'META']",AdaptiveTemperatureScaling,2.676248550415039e-05
BraidFlow,multi-class,tabular,NAIVE_BAYES,2,"['MIXANDMATCH', 'VECTORSCALING']",VECTORSCALING,0.14851395289103184
BraidFlow,multi-class,tabular,RANDOM_FOREST,2,"['ISOTONIC', 'IMAX']",IMAX,0.2666666666666667
BraidFlow,multi-class,tabular,SVM,2,"['META', 'VECTORSCALING']",META,0.0666666666666666
BraidFlow,multi-class,tabular,XGBOOST,2,"['HISTOGRM', 'META']",HISTOGRM,0.0
Dataset-Mental-Disorders,multi-class,tabular,ADABOOST,2,"['BETA', 'ISOTONIC']",ISOTONIC,0.18512241968397225
Dataset-Mental-Disorders,multi-class,tabular,DECISION_TREE,2,"['DIRICHLET', 'PLATT']",PLATT,0.09328039034239029
Dataset-Mental-Disorders,multi-class,tabular,GRADIENT_BOOSTING,2,"['HISTOGRM', 'META']",META,0.0
Dataset-Mental-Disorders,multi-class,tabular,NAIVE_BAYES,2,"['IMAX', 'EMPIRICALBINNING']",IMAX,0.29166666666666663
Dataset-Mental-Disorders,multi-class,tabular,RANDOM_FOREST,2,"['VECTORSCALING', 'HISTOGRM']",HISTOGRM,0.06865079365079364
Dataset-Mental-Disorders,multi-class,tabular,SVM,2,"['EMPIRICALBINNING', 'VECTORSCALING']",EMPIRICALBINNING,0.019230769230769218
Dataset-Mental-Disorders,multi-class,tabular,XGBOOST,2,"['MATRIXSCALING', 'MIXANDMATCH']",MATRIXSCALING,0.15478132416804632
GCM,multi-class,tabular,ADABOOST,2,"['MATRIXSCALING', 'PLATT']",PLATT,9.667626932052809e-07
GCM,multi-class,tabular,DECISION_TREE,2,"['PLATT', 'AdaptiveTemperatureScaling']",AdaptiveTemperatureScaling,0.03942275047302246
GCM,multi-class,tabular,GRADIENT_BOOSTING,2,"['BETA', 'DIRICHLET']",DIRICHLET,0.11986541904901203
GCM,multi-class,tabular,NAIVE_BAYES,2,"['DIRICHLET', 'META']",META,0.018796992481203034
GCM,multi-class,tabular,RANDOM_FOREST,2,"['PLATT', 'HISTOGRM']",HISTOGRM,0.10504385964912279
GCM,multi-class,tabular,SVM,2,"['PLATT', 'ISOTONIC']",PLATT,0.04996810139694142
GCM,multi-class,tabular,XGBOOST,2,"['HISTOGRM', 'META']",META,0.018796992481203034
HateSpeechDatasetBalanced,binary,language,FASTTEXT,2,"['DIRICHLET', 'AdaptiveTemperatureScaling']",AdaptiveTemperatureScaling,0.005743459197881606
HateSpeechDatasetBalanced,binary,language,TINYBERT,2,"['TEMPERATURESCALING', 'AdaptiveTemperatureScaling']",TEMPERATURESCALING,0.03267198886656866
Language_Detection,multi-class,language,FASTTEXT,2,"['MIXANDMATCH', 'TEMPERATURESCALING']",MIXANDMATCH,6.483117662500759e-05
Language_Detection,multi-class,language,TINYBERT,2,"['HISTOGRM', 'PLATT']",PLATT,0.012977160953394925
MNIST,multi-class,image,MOBILENET,2,"['HISTOGRM', 'PLATT']",PLATT,0.0017348050383393645
MNIST,multi-class,image,RESNET18,2,"['MATRIXSCALING', 'TEMPERATURESCALING']",TEMPERATURESCALING,0.0007122142821550022
MNIST,multi-class,image,VGG16,2,"['META', 'BETA']",BETA,0.0010998734071218236
MNIST,multi-class,image,VGG19,2,"['PLATT', 'ISOTONIC']",ISOTONIC,0.0018438230098427755
Obesity_Classification,multi-class,tabular,ADABOOST,2,"['ISOTONIC', 'MIXANDMATCH']",ISOTONIC,0.16558441558441558
Obesity_Classification,multi-class,tabular,DECISION_TREE,2,"['VECTORSCALING', 'PLATT']",VECTORSCALING,0.018778903917832768
Obesity_Classification,multi-class,tabular,GRADIENT_BOOSTING,2,"['MATRIXSCALING', 'AdaptiveTemperatureScaling']",MATRIXSCALING,2.384185791015625e-07
Obesity_Classification,multi-class,tabular,NAIVE_BAYES,2,"['IMAX', 'MATRIXSCALING']",MATRIXSCALING,0.05768649144606159
Obesity_Classification,multi-class,tabular,RANDOM_FOREST,2,"['PLATT', 'IMAX']",IMAX,0.0
Obesity_Classification,multi-class,tabular,SVM,2,"['IMAX', 'TEMPERATURESCALING']",TEMPERATURESCALING,0.07443594119765541
Obesity_Classification,multi-class,tabular,XGBOOST,2,"['META', 'AdaptiveTemperatureScaling']",AdaptiveTemperatureScaling,7.092952728271484e-05
Period_Changer,binary,tabular,ADABOOST,2,"['BETA', 'DIRICHLET']",DIRICHLET,0.04107153415679928
Period_Changer,binary,tabular,DECISION_TREE,2,"['BETA', 'ISOTONIC']",BETA,0.05483380614432132
Period_Changer,binary,tabular,GRADIENT_BOOSTING,2,"['BETA', 'ISOTONIC']",ISOTONIC,0.05555555555555546
Period_Changer,binary,tabular,NAIVE_BAYES,2,"['VECTORSCALING', 'AdaptiveTemperatureScaling']",AdaptiveTemperatureScaling,0.024979233741760254
Period_Changer,binary,tabular,RANDOM_FOREST,2,"['EMPIRICALBINNING', 'MATRIXSCALING']",EMPIRICALBINNING,0.10000000000000003
Period_Changer,binary,tabular,SVM,2,"['TEMPERATURESCALING', 'HISTOGRM']",TEMPERATURESCALING,0.029668251673380497
Period_Changer,binary,tabular,XGBOOST,2,"['ISOTONIC', 'VECTORSCALING']",VECTORSCALING,0.19659278127882213
SomervilleHappinessSurvey2015,binary,tabular,ADABOOST,2,"['EMPIRICALBINNING', 'IMAX']",EMPIRICALBINNING,0.06294471811713191
SomervilleHappinessSurvey2015,binary,tabular,DECISION_TREE,2,"['ISOTONIC', 'AdaptiveTemperatureScaling']",AdaptiveTemperatureScaling,0.007737854431415392
SomervilleHappinessSurvey2015,binary,tabular,GRADIENT_BOOSTING,2,"['ISOTONIC', 'DIRICHLET']",DIRICHLET,0.005465207428767771
SomervilleHappinessSurvey2015,binary,tabular,NAIVE_BAYES,2,"['BETA', 'TEMPERATURESCALING']",TEMPERATURESCALING,0.00702376612301534
SomervilleHappinessSurvey2015,binary,tabular,RANDOM_FOREST,2,"['MATRIXSCALING', 'META']",META,0.04200126384866649
SomervilleHappinessSurvey2015,binary,tabular,SVM,2,"['HISTOGRM', 'VECTORSCALING']",VECTORSCALING,0.0015958527038837378
SomervilleHappinessSurvey2015,binary,tabular,XGBOOST,2,"['VECTORSCALING', 'DIRICHLET']",VECTORSCALING,0.0028388520766948755
Toxicity,binary,tabular,ADABOOST,2,"['MATRIXSCALING', 'ISOTONIC']",MATRIXSCALING,0.02345309598105294
Toxicity,binary,tabular,DECISION_TREE,2,"['AdaptiveTemperatureScaling', 'VECTORSCALING']",VECTORSCALING,0.00998654024941581
Toxicity,binary,tabular,GRADIENT_BOOSTING,2,"['DIRICHLET', 'BETA']",BETA,0.08827612172171863
Toxicity,binary,tabular,NAIVE_BAYES,2,"['MATRIXSCALING', 'ISOTONIC']",MATRIXSCALING,0.008409420081547325
Toxicity,binary,tabular,RANDOM_FOREST,2,"['DIRICHLET', 'AdaptiveTemperatureScaling']",DIRICHLET,0.015821894577571327
Toxicity,binary,tabular,SVM,2,"['TEMPERATURESCALING', 'IMAX']",TEMPERATURESCALING,0.032683656896863665
Toxicity,binary,tabular,XGBOOST,2,"['MATRIXSCALING', 'HISTOGRM']",MATRIXSCALING,0.009871205261775429
USPS,multi-class,image,MOBILENET,2,"['PLATT', 'DIRICHLET']",PLATT,0.022738890821048387
USPS,multi-class,image,RESNET18,2,"['MATRIXSCALING', 'TEMPERATURESCALING']",TEMPERATURESCALING,0.0196388392942606
USPS,multi-class,image,VGG16,2,"['AdaptiveTemperatureScaling', 'ISOTONIC']",ISOTONIC,0.014858581907919
USPS,multi-class,image,VGG19,2,"['PLATT', 'HISTOGRM']",PLATT,0.015634381604628485
Zombies-Apocalypse,binary,tabular,ADABOOST,2,"['TEMPERATURESCALING', 'IMAX']",TEMPERATURESCALING,0.0
Zombies-Apocalypse,binary,tabular,DECISION_TREE,2,"['PLATT', 'VECTORSCALING']",PLATT,9.99422766767566e-13
Zombies-Apocalypse,binary,tabular,GRADIENT_BOOSTING,2,"['TEMPERATURESCALING', 'META']",TEMPERATURESCALING,0.0
Zombies-Apocalypse,binary,tabular,NAIVE_BAYES,2,"['AdaptiveTemperatureScaling', 'TEMPERATURESCALING']",TEMPERATURESCALING,0.014357647299766513
Zombies-Apocalypse,binary,tabular,RANDOM_FOREST,2,"['PLATT', 'ISOTONIC']",ISOTONIC,0.0
Zombies-Apocalypse,binary,tabular,SVM,2,"['EMPIRICALBINNING', 'IMAX']",IMAX,0.025000000000000022
Zombies-Apocalypse,binary,tabular,XGBOOST,2,"['MIXANDMATCH', 'BETA']",BETA,0.02398654239241116
ad_click,binary,tabular,ADABOOST,2,"['EMPIRICALBINNING', 'IMAX']",EMPIRICALBINNING,0.00378103935638183
ad_click,binary,tabular,DECISION_TREE,2,"['EMPIRICALBINNING', 'DIRICHLET']",DIRICHLET,0.0017739772796631081
ad_click,binary,tabular,GRADIENT_BOOSTING,2,"['HISTOGRM', 'PLATT']",PLATT,0.0016601436190478713
ad_click,binary,tabular,NAIVE_BAYES,2,"['AdaptiveTemperatureScaling', 'BETA']",BETA,0.021940790559495393
ad_click,binary,tabular,RANDOM_FOREST,2,"['BETA', 'HISTOGRM']",BETA,0.06156128043342138
ad_click,binary,tabular,SVM,2,"['BETA', 'EMPIRICALBINNING']",EMPIRICALBINNING,2.220446049250313e-16
ad_click,binary,tabular,XGBOOST,2,"['PLATT', 'DIRICHLET']",DIRICHLET,0.0013705730438232644
aids_clinical_trials_group_study_175,binary,tabular,ADABOOST,2,"['EMPIRICALBINNING', 'META']",META,0.19520254920576222
aids_clinical_trials_group_study_175,binary,tabular,DECISION_TREE,2,"['DIRICHLET', 'TEMPERATURESCALING']",TEMPERATURESCALING,0.009699373044700253
aids_clinical_trials_group_study_175,binary,tabular,GRADIENT_BOOSTING,2,"['ISOTONIC', 'META']",ISOTONIC,0.02228241818329433
aids_clinical_trials_group_study_175,binary,tabular,NAIVE_BAYES,2,"['EMPIRICALBINNING', 'TEMPERATURESCALING']",TEMPERATURESCALING,0.02233977963991251
aids_clinical_trials_group_study_175,binary,tabular,RANDOM_FOREST,2,"['MATRIXSCALING', 'MIXANDMATCH']",MATRIXSCALING,0.017116881280301886
aids_clinical_trials_group_study_175,binary,tabular,SVM,2,"['DIRICHLET', 'META']",DIRICHLET,0.02126367292671557
aids_clinical_trials_group_study_175,binary,tabular,XGBOOST,2,"['MATRIXSCALING', 'PLATT']",PLATT,0.013210232295026051
desharnais,multi-class,tabular,ADABOOST,2,"['VECTORSCALING', 'MIXANDMATCH']",VECTORSCALING,0.025227020768558317
desharnais,multi-class,tabular,DECISION_TREE,2,"['MATRIXSCALING', 'VECTORSCALING']",VECTORSCALING,0.02353087593527403
desharnais,multi-class,tabular,GRADIENT_BOOSTING,2,"['VECTORSCALING', 'BETA']",VECTORSCALING,0.08230729839381047
desharnais,multi-class,tabular,NAIVE_BAYES,2,"['MATRIXSCALING', 'DIRICHLET']",DIRICHLET,0.1614164569798638
desharnais,multi-class,tabular,RANDOM_FOREST,2,"['DIRICHLET', 'HISTOGRM']",DIRICHLET,0.1275948215933407
desharnais,multi-class,tabular,SVM,2,"['MATRIXSCALING', 'MIXANDMATCH']",MIXANDMATCH,0.08678808282403386
desharnais,multi-class,tabular,XGBOOST,2,"['PLATT', 'EMPIRICALBINNING']",PLATT,0.12506891529953745
detect_dataset,binary,tabular,ADABOOST,2,"['META', 'MATRIXSCALING']",MATRIXSCALING,0.006659460733057024
detect_dataset,binary,tabular,DECISION_TREE,2,"['VECTORSCALING', 'EMPIRICALBINNING']",VECTORSCALING,0.002485421487362527
detect_dataset,binary,tabular,GRADIENT_BOOSTING,2,"['HISTOGRM', 'ISOTONIC']",HISTOGRM,0.00042872415689927
detect_dataset,binary,tabular,NAIVE_BAYES,2,"['BETA', 'META']",BETA,0.007397673559776841
detect_dataset,binary,tabular,RANDOM_FOREST,2,"['META', 'PLATT']",PLATT,0.0008865085003256198
detect_dataset,binary,tabular,SVM,2,"['DIRICHLET', 'MATRIXSCALING']",DIRICHLET,0.0024499931667110544
detect_dataset,binary,tabular,XGBOOST,2,"['AdaptiveTemperatureScaling', 'META']",AdaptiveTemperatureScaling,0.0036043908535466104
drug200,multi-class,tabular,ADABOOST,2,"['META', 'PLATT']",PLATT,0.00010985182662343052
drug200,multi-class,tabular,DECISION_TREE,2,"['MIXANDMATCH', 'IMAX']",IMAX,0.0
drug200,multi-class,tabular,GRADIENT_BOOSTING,2,"['EMPIRICALBINNING', 'PLATT']",PLATT,0.018168559747985917
drug200,multi-class,tabular,NAIVE_BAYES,2,"['BETA', 'HISTOGRM']",HISTOGRM,0.05758928571428571
drug200,multi-class,tabular,RANDOM_FOREST,2,"['AdaptiveTemperatureScaling', 'EMPIRICALBINNING']",AdaptiveTemperatureScaling,0.00023919343948364258
drug200,multi-class,tabular,SVM,2,"['META', 'IMAX']",IMAX,0.050000000000000044
drug200,multi-class,tabular,XGBOOST,2,"['DIRICHLET', 'BETA']",DIRICHLET,2.9087066650390625e-05
gender,binary,tabular,ADABOOST,2,"['IMAX', 'ISOTONIC']",IMAX,0.5714285714285714
gender,binary,tabular,DECISION_TREE,2,"['IMAX', 'META']",META,0.0
gender,binary,tabular,GRADIENT_BOOSTING,2,"['META', 'VECTORSCALING']",META,0.0
gender,binary,tabular,NAIVE_BAYES,2,"['VECTORSCALING', 'MATRIXSCALING']",VECTORSCALING,0.10306102037429812
gender,binary,tabular,RANDOM_FOREST,2,"['PLATT', 'META']",META,0.0
gender,binary,tabular,SVM,2,"['MATRIXSCALING', 'VECTORSCALING']",MATRIXSCALING,0.035020291805267334
gender,binary,tabular,XGBOOST,2,"['EMPIRICALBINNING', 'AdaptiveTemperatureScaling']",EMPIRICALBINNING,0.059183673469387764
gina_prior2,multi-class,tabular,ADABOOST,2,"['VECTORSCALING', 'PLATT']",PLATT,0.0013987998091967296
gina_prior2,multi-class,tabular,DECISION_TREE,2,"['MATRIXSCALING', 'PLATT']",MATRIXSCALING,0.021299808143882295
gina_prior2,multi-class,tabular,GRADIENT_BOOSTING,2,"['AdaptiveTemperatureScaling', 'ISOTONIC']",ISOTONIC,0.034379982483704455
gina_prior2,multi-class,tabular,NAIVE_BAYES,2,"['TEMPERATURESCALING', 'META']",TEMPERATURESCALING,0.0015746358062760663
gina_prior2,multi-class,tabular,RANDOM_FOREST,2,"['TEMPERATURESCALING', 'BETA']",TEMPERATURESCALING,0.018638525362145348
gina_prior2,multi-class,tabular,SVM,2,"['IMAX', 'HISTOGRM']",HISTOGRM,0.03598237495541963
gina_prior2,multi-class,tabular,XGBOOST,2,"['BETA', 'META']",BETA,0.03381646964911585
heart-long-beach,multi-class,tabular,ADABOOST,2,"['HISTOGRM', 'DIRICHLET']",DIRICHLET,4.372596740720436e-05
heart-long-beach,multi-class,tabular,DECISION_TREE,2,"['ISOTONIC', 'VECTORSCALING']",ISOTONIC,0.05061744833393465
heart-long-beach,multi-class,tabular,GRADIENT_BOOSTING,2,"['IMAX', 'AdaptiveTemperatureScaling']",AdaptiveTemperatureScaling,0.05635789111256599
heart-long-beach,multi-class,tabular,NAIVE_BAYES,2,"['BETA', 'ISOTONIC']",BETA,0.06594694177121233
heart-long-beach,multi-class,tabular,RANDOM_FOREST,2,"['PLATT', 'BETA']",PLATT,0.0174344390942441
heart-long-beach,multi-class,tabular,SVM,2,"['VECTORSCALING', 'TEMPERATURESCALING']",TEMPERATURESCALING,0.07269887253642084
heart-long-beach,multi-class,tabular,XGBOOST,2,"['META', 'AdaptiveTemperatureScaling']",META,0.04999999999999999
income_evaluation,binary,tabular,ADABOOST,2,"['AdaptiveTemperatureScaling', 'EMPIRICALBINNING']",AdaptiveTemperatureScaling,0.007253985461342362
income_evaluation,binary,tabular,DECISION_TREE,2,"['META', 'MATRIXSCALING']",MATRIXSCALING,0.01182811185729021
income_evaluation,binary,tabular,GRADIENT_BOOSTING,2,"['TEMPERATURESCALING', 'MATRIXSCALING']",TEMPERATURESCALING,0.03184732204938326
income_evaluation,binary,tabular,NAIVE_BAYES,2,"['TEMPERATURESCALING', 'PLATT']",PLATT,0.021630181144045288
income_evaluation,binary,tabular,RANDOM_FOREST,2,"['VECTORSCALING', 'BETA']",BETA,0.00541965423097394
income_evaluation,binary,tabular,SVM,2,"['IMAX', 'AdaptiveTemperatureScaling']",IMAX,0.03753467881329943
income_evaluation,binary,tabular,XGBOOST,2,"['MATRIXSCALING', 'TEMPERATURESCALING']",TEMPERATURESCALING,0.025668193727306166
kc2,binary,tabular,ADABOOST,2,"['MATRIXSCALING', 'META']",MATRIXSCALING,0.07793914363497777
kc2,binary,tabular,DECISION_TREE,2,"['MIXANDMATCH', 'VECTORSCALING']",MIXANDMATCH,0.03761914003463017
kc2,binary,tabular,GRADIENT_BOOSTING,2,"['AdaptiveTemperatureScaling', 'MIXANDMATCH']",MIXANDMATCH,0.10118939479192096
kc2,binary,tabular,NAIVE_BAYES,2,"['PLATT', 'VECTORSCALING']",VECTORSCALING,0.04004157100405016
kc2,binary,tabular,RANDOM_FOREST,2,"['TEMPERATURESCALING', 'DIRICHLET']",TEMPERATURESCALING,0.01752573138191586
kc2,binary,tabular,SVM,2,"['TEMPERATURESCALING', 'HISTOGRM']",TEMPERATURESCALING,0.04538263196036929
kc2,binary,tabular,XGBOOST,2,"['DIRICHLET', 'AdaptiveTemperatureScaling']",DIRICHLET,0.03892534744171865
monks-problems-1,binary,tabular,ADABOOST,2,"['ISOTONIC', 'HISTOGRM']",ISOTONIC,0.03658536585365841
monks-problems-1,binary,tabular,DECISION_TREE,2,"['HISTOGRM', 'AdaptiveTemperatureScaling']",HISTOGRM,0.0
monks-problems-1,binary,tabular,GRADIENT_BOOSTING,2,"['BETA', 'TEMPERATURESCALING']",TEMPERATURESCALING,0.0
monks-problems-1,binary,tabular,NAIVE_BAYES,2,"['HISTOGRM', 'EMPIRICALBINNING']",HISTOGRM,0.06870655059761767
monks-problems-1,binary,tabular,RANDOM_FOREST,2,"['BETA', 'META']",META,0.0
monks-problems-1,binary,tabular,SVM,2,"['TEMPERATURESCALING', 'DIRICHLET']",TEMPERATURESCALING,0.04174116786037171
monks-problems-1,binary,tabular,XGBOOST,2,"['AdaptiveTemperatureScaling', 'BETA']",BETA,1.6540145090337965e-05
postoperative-patient-data,binary,tabular,ADABOOST,2,"['MIXANDMATCH', 'DIRICHLET']",DIRICHLET,0.0022600425614250907
postoperative-patient-data,binary,tabular,DECISION_TREE,2,"['MATRIXSCALING', 'MIXANDMATCH']",MIXANDMATCH,1.3245476604417661e-08
postoperative-patient-data,binary,tabular,GRADIENT_BOOSTING,2,"['HISTOGRM', 'AdaptiveTemperatureScaling']",HISTOGRM,0.04629629629629628
postoperative-patient-data,binary,tabular,NAIVE_BAYES,2,"['META', 'IMAX']",META,0.1225174003177219
postoperative-patient-data,binary,tabular,RANDOM_FOREST,2,"['IMAX', 'AdaptiveTemperatureScaling']",AdaptiveTemperatureScaling,0.05320790410041812
postoperative-patient-data,binary,tabular,SVM,2,"['VECTORSCALING', 'PLATT']",PLATT,0.0009404586329703202
postoperative-patient-data,binary,tabular,XGBOOST,2,"['BETA', 'IMAX']",BETA,0.15355613920126343
preterm,binary,tabular,ADABOOST,2,"['EMPIRICALBINNING', 'MIXANDMATCH']",MIXANDMATCH,0.0
preterm,binary,tabular,DECISION_TREE,2,"['MATRIXSCALING', 'PLATT']",PLATT,9.978684545330907e-13
preterm,binary,tabular,GRADIENT_BOOSTING,2,"['EMPIRICALBINNING', 'ISOTONIC']",ISOTONIC,0.0022481751999020583
preterm,binary,tabular,NAIVE_BAYES,2,"['EMPIRICALBINNING', 'PLATT']",PLATT,2.902781348623762e-10
preterm,binary,tabular,RANDOM_FOREST,2,"['MATRIXSCALING', 'EMPIRICALBINNING']",MATRIXSCALING,1.049041748046875e-05
preterm,binary,tabular,SVM,2,"['AdaptiveTemperatureScaling', 'META']",AdaptiveTemperatureScaling,0.011975059906641642
preterm,binary,tabular,XGBOOST,2,"['AdaptiveTemperatureScaling', 'DIRICHLET']",DIRICHLET,5.364418029785156e-07
wdbc,binary,tabular,ADABOOST,2,"['TEMPERATURESCALING', 'MIXANDMATCH']",TEMPERATURESCALING,0.010079247909679716
wdbc,binary,tabular,DECISION_TREE,2,"['DIRICHLET', 'HISTOGRM']",DIRICHLET,0.007332706137707335
wdbc,binary,tabular,GRADIENT_BOOSTING,2,"['VECTORSCALING', 'PLATT']",PLATT,0.011597438825435274
wdbc,binary,tabular,NAIVE_BAYES,2,"['TEMPERATURESCALING', 'PLATT']",TEMPERATURESCALING,0.009700626657720202
wdbc,binary,tabular,RANDOM_FOREST,2,"['MIXANDMATCH', 'TEMPERATURESCALING']",TEMPERATURESCALING,0.008861932315324478
wdbc,binary,tabular,SVM,2,"['HISTOGRM', 'EMPIRICALBINNING']",HISTOGRM,0.01535087719298245
wdbc,binary,tabular,XGBOOST,2,"['VECTORSCALING', 'DIRICHLET']",DIRICHLET,0.023806328313392557
wheat,multi-class,tabular,ADABOOST,2,"['HISTOGRM', 'TEMPERATURESCALING']",HISTOGRM,0.055555555555555566
wheat,multi-class,tabular,DECISION_TREE,2,"['BETA', 'META']",META,0.0
wheat,multi-class,tabular,GRADIENT_BOOSTING,2,"['VECTORSCALING', 'EMPIRICALBINNING']",VECTORSCALING,0.020665402923311482
wheat,multi-class,tabular,NAIVE_BAYES,2,"['VECTORSCALING', 'META']",META,0.0
wheat,multi-class,tabular,RANDOM_FOREST,2,"['VECTORSCALING', 'MIXANDMATCH']",VECTORSCALING,0.04732472839809602
wheat,multi-class,tabular,SVM,2,"['EMPIRICALBINNING', 'META']",META,0.0
wheat,multi-class,tabular,XGBOOST,2,"['IMAX', 'MATRIXSCALING']",MATRIXSCALING,0.046336689165660305
wilt,binary,tabular,ADABOOST,2,"['AdaptiveTemperatureScaling', 'HISTOGRM']",HISTOGRM,0.0002740765727778382
wilt,binary,tabular,DECISION_TREE,2,"['MIXANDMATCH', 'HISTOGRM']",HISTOGRM,3.3306690738754696e-16
wilt,binary,tabular,GRADIENT_BOOSTING,2,"['TEMPERATURESCALING', 'ISOTONIC']",TEMPERATURESCALING,0.0031963767837887105
wilt,binary,tabular,NAIVE_BAYES,2,"['VECTORSCALING', 'META']",VECTORSCALING,0.01648813332161626
wilt,binary,tabular,RANDOM_FOREST,2,"['ISOTONIC', 'HISTOGRM']",HISTOGRM,0.003642828623857725
wilt,binary,tabular,SVM,2,"['AdaptiveTemperatureScaling', 'PLATT']",PLATT,0.0012745027811786576
wilt,binary,tabular,XGBOOST,2,"['MIXANDMATCH', 'ISOTONIC']",ISOTONIC,0.008366946569149008
wine_data,multi-class,tabular,ADABOOST,2,"['VECTORSCALING', 'AdaptiveTemperatureScaling']",VECTORSCALING,0.02579832865368751
wine_data,multi-class,tabular,DECISION_TREE,2,"['BETA', 'PLATT']",BETA,0.008701270841220632
wine_data,multi-class,tabular,GRADIENT_BOOSTING,2,"['MATRIXSCALING', 'PLATT']",PLATT,0.014086948900411142
wine_data,multi-class,tabular,NAIVE_BAYES,2,"['MIXANDMATCH', 'BETA']",BETA,0.02451911126413482
wine_data,multi-class,tabular,RANDOM_FOREST,2,"['BETA', 'TEMPERATURESCALING']",TEMPERATURESCALING,0.05151009329372928
wine_data,multi-class,tabular,SVM,2,"['HISTOGRM', 'META']",META,0.013581308120367522
wine_data,multi-class,tabular,XGBOOST,2,"['VECTORSCALING', 'ISOTONIC']",VECTORSCALING,0.014762416552929654
Asteroid_Dataset,binary,tabular,ADABOOST,3,"['AdaptiveTemperatureScaling', 'IMAX', 'TEMPERATURESCALING']",TEMPERATURESCALING,8.374444321335162e-07
Asteroid_Dataset,binary,tabular,DECISION_TREE,3,"['TEMPERATURESCALING', 'MIXANDMATCH', 'VECTORSCALING']",TEMPERATURESCALING,5.8978804274856245e-06
Asteroid_Dataset,binary,tabular,GRADIENT_BOOSTING,3,"['MATRIXSCALING', 'DIRICHLET', 'MIXANDMATCH']",DIRICHLET,2.0891419724167193e-06
Asteroid_Dataset,binary,tabular,NAIVE_BAYES,3,"['ISOTONIC', 'BETA', 'DIRICHLET']",DIRICHLET,2.684772582028927e-08
Asteroid_Dataset,binary,tabular,RANDOM_FOREST,3,"['TEMPERATURESCALING', 'META', 'VECTORSCALING']",TEMPERATURESCALING,3.1259539824166826e-05
Asteroid_Dataset,binary,tabular,SVM,3,"['META', 'PLATT', 'VECTORSCALING']",PLATT,2.5517953750053834e-08
Asteroid_Dataset,binary,tabular,XGBOOST,3,"['HISTOGRM', 'META', 'MATRIXSCALING']",HISTOGRM,3.707094737415151e-05
BraidFlow,multi-class,tabular,ADABOOST,3,"['DIRICHLET', 'BETA', 'VECTORSCALING']",VECTORSCALING,0.0
BraidFlow,multi-class,tabular,DECISION_TREE,3,"['MIXANDMATCH', 'IMAX', 'EMPIRICALBINNING']",MIXANDMATCH,0.0
BraidFlow,multi-class,tabular,GRADIENT_BOOSTING,3,"['AdaptiveTemperatureScaling', 'META', 'VECTORSCALING']",VECTORSCALING,2.384185791015625e-07
BraidFlow,multi-class,tabular,NAIVE_BAYES,3,"['MIXANDMATCH', 'VECTORSCALING', 'ISOTONIC']",VECTORSCALING,0.14851395289103184
BraidFlow,multi-class,tabular,RANDOM_FOREST,3,"['ISOTONIC', 'IMAX', 'MATRIXSCALING']",MATRIXSCALING,0.11129693190256755
BraidFlow,multi-class,tabular,SVM,3,"['META', 'VECTORSCALING', 'TEMPERATURESCALING']",META,0.0666666666666666
BraidFlow,multi-class,tabular,XGBOOST,3,"['HISTOGRM', 'META', 'AdaptiveTemperatureScaling']",HISTOGRM,0.0
Dataset-Mental-Disorders,multi-class,tabular,ADABOOST,3,"['BETA', 'ISOTONIC', 'HISTOGRM']",HISTOGRM,0.16666666666666666
Dataset-Mental-Disorders,multi-class,tabular,DECISION_TREE,3,"['DIRICHLET', 'PLATT', 'BETA']",BETA,0.09327989689432452
Dataset-Mental-Disorders,multi-class,tabular,GRADIENT_BOOSTING,3,"['HISTOGRM', 'META', 'AdaptiveTemperatureScaling']",META,0.0
Dataset-Mental-Disorders,multi-class,tabular,NAIVE_BAYES,3,"['IMAX', 'EMPIRICALBINNING', 'HISTOGRM']",HISTOGRM,0.08333333333333331
Dataset-Mental-Disorders,multi-class,tabular,RANDOM_FOREST,3,"['VECTORSCALING', 'HISTOGRM', 'MATRIXSCALING']",HISTOGRM,0.06865079365079364
Dataset-Mental-Disorders,multi-class,tabular,SVM,3,"['EMPIRICALBINNING', 'VECTORSCALING', 'DIRICHLET']",DIRICHLET,0.016293783982594817
Dataset-Mental-Disorders,multi-class,tabular,XGBOOST,3,"['MATRIXSCALING', 'MIXANDMATCH', 'EMPIRICALBINNING']",MATRIXSCALING,0.15478132416804632
GCM,multi-class,tabular,ADABOOST,3,"['MATRIXSCALING', 'PLATT', 'BETA']",PLATT,9.667626932052809e-07
GCM,multi-class,tabular,DECISION_TREE,3,"['PLATT', 'AdaptiveTemperatureScaling', 'ISOTONIC']",AdaptiveTemperatureScaling,0.03942275047302246
GCM,multi-class,tabular,GRADIENT_BOOSTING,3,"['BETA', 'DIRICHLET', 'VECTORSCALING']",VECTORSCALING,0.037675780293188604
GCM,multi-class,tabular,NAIVE_BAYES,3,"['DIRICHLET', 'META', 'TEMPERATURESCALING']",META,0.018796992481203034
GCM,multi-class,tabular,RANDOM_FOREST,3,"['PLATT', 'HISTOGRM', 'BETA']",BETA,0.08558561895260537
GCM,multi-class,tabular,SVM,3,"['PLATT', 'ISOTONIC', 'HISTOGRM']",PLATT,0.04996810139694142
GCM,multi-class,tabular,XGBOOST,3,"['HISTOGRM', 'META', 'AdaptiveTemperatureScaling']",META,0.018796992481203034
HateSpeechDatasetBalanced,binary,language,FASTTEXT,3,"['DIRICHLET', 'AdaptiveTemperatureScaling', 'PLATT']",AdaptiveTemperatureScaling,0.005743459197881606
HateSpeechDatasetBalanced,binary,language,TINYBERT,3,"['TEMPERATURESCALING', 'AdaptiveTemperatureScaling', 'IMAX']",TEMPERATURESCALING,0.03267198886656866
Language_Detection,multi-class,language,FASTTEXT,3,"['MIXANDMATCH', 'TEMPERATURESCALING', 'IMAX']",MIXANDMATCH,6.483117662500759e-05
Language_Detection,multi-class,language,TINYBERT,3,"['HISTOGRM', 'PLATT', 'ISOTONIC']",ISOTONIC,0.008389201042232041
MNIST,multi-class,image,MOBILENET,3,"['HISTOGRM', 'PLATT', 'VECTORSCALING']",PLATT,0.0017348050383393645
MNIST,multi-class,image,RESNET18,3,"['MATRIXSCALING', 'TEMPERATURESCALING', 'ISOTONIC']",TEMPERATURESCALING,0.0007122142821550022
MNIST,multi-class,image,VGG16,3,"['META', 'BETA', 'IMAX']",BETA,0.0010998734071218236
MNIST,multi-class,image,VGG19,3,"['PLATT', 'ISOTONIC', 'HISTOGRM']",ISOTONIC,0.0018438230098427755
Obesity_Classification,multi-class,tabular,ADABOOST,3,"['ISOTONIC', 'MIXANDMATCH', 'DIRICHLET']",DIRICHLET,0.0015250877900556984
Obesity_Classification,multi-class,tabular,DECISION_TREE,3,"['VECTORSCALING', 'PLATT', 'DIRICHLET']",DIRICHLET,0.0002813176675275919
Obesity_Classification,multi-class,tabular,GRADIENT_BOOSTING,3,"['MATRIXSCALING', 'AdaptiveTemperatureScaling', 'EMPIRICALBINNING']",MATRIXSCALING,2.384185791015625e-07
Obesity_Classification,multi-class,tabular,NAIVE_BAYES,3,"['IMAX', 'MATRIXSCALING', 'TEMPERATURESCALING']",MATRIXSCALING,0.05768649144606159
Obesity_Classification,multi-class,tabular,RANDOM_FOREST,3,"['PLATT', 'IMAX', 'MIXANDMATCH']",IMAX,0.0
Obesity_Classification,multi-class,tabular,SVM,3,"['IMAX', 'TEMPERATURESCALING', 'HISTOGRM']",HISTOGRM,0.04545454545454546
Obesity_Classification,multi-class,tabular,XGBOOST,3,"['META', 'AdaptiveTemperatureScaling', 'EMPIRICALBINNING']",AdaptiveTemperatureScaling,7.092952728271484e-05
Period_Changer,binary,tabular,ADABOOST,3,"['BETA', 'DIRICHLET', 'EMPIRICALBINNING']",DIRICHLET,0.04107153415679928
Period_Changer,binary,tabular,DECISION_TREE,3,"['BETA', 'ISOTONIC', 'IMAX']",BETA,0.05483380614432132
Period_Changer,binary,tabular,GRADIENT_BOOSTING,3,"['BETA', 'ISOTONIC', 'MATRIXSCALING']",MATRIXSCALING,0.054523130257924435
Period_Changer,binary,tabular,NAIVE_BAYES,3,"['VECTORSCALING', 'AdaptiveTemperatureScaling', 'DIRICHLET']",AdaptiveTemperatureScaling,0.024979233741760254
Period_Changer,binary,tabular,RANDOM_FOREST,3,"['EMPIRICALBINNING', 'MATRIXSCALING', 'HISTOGRM']",EMPIRICALBINNING,0.10000000000000003
Period_Changer,binary,tabular,SVM,3,"['TEMPERATURESCALING', 'HISTOGRM', 'EMPIRICALBINNING']",TEMPERATURESCALING,0.029668251673380497
Period_Changer,binary,tabular,XGBOOST,3,"['ISOTONIC', 'VECTORSCALING', 'PLATT']",PLATT,0.07244391963716504
SomervilleHappinessSurvey2015,binary,tabular,ADABOOST,3,"['EMPIRICALBINNING', 'IMAX', 'PLATT']",PLATT,0.031410645404336024
SomervilleHappinessSurvey2015,binary,tabular,DECISION_TREE,3,"['ISOTONIC', 'AdaptiveTemperatureScaling', 'PLATT']",AdaptiveTemperatureScaling,0.007737854431415392
SomervilleHappinessSurvey2015,binary,tabular,GRADIENT_BOOSTING,3,"['ISOTONIC', 'DIRICHLET', 'VECTORSCALING']",DIRICHLET,0.005465207428767771
SomervilleHappinessSurvey2015,binary,tabular,NAIVE_BAYES,3,"['BETA', 'TEMPERATURESCALING', 'MATRIXSCALING']",TEMPERATURESCALING,0.00702376612301534
SomervilleHappinessSurvey2015,binary,tabular,RANDOM_FOREST,3,"['MATRIXSCALING', 'META', 'HISTOGRM']",META,0.04200126384866649
SomervilleHappinessSurvey2015,binary,tabular,SVM,3,"['HISTOGRM', 'VECTORSCALING', 'ISOTONIC']",VECTORSCALING,0.0015958527038837378
SomervilleHappinessSurvey2015,binary,tabular,XGBOOST,3,"['VECTORSCALING', 'DIRICHLET', 'META']",VECTORSCALING,0.0028388520766948755
Toxicity,binary,tabular,ADABOOST,3,"['MATRIXSCALING', 'ISOTONIC', 'PLATT']",PLATT,0.01929661035151109
Toxicity,binary,tabular,DECISION_TREE,3,"['AdaptiveTemperatureScaling', 'VECTORSCALING', 'IMAX']",VECTORSCALING,0.00998654024941581
Toxicity,binary,tabular,GRADIENT_BOOSTING,3,"['DIRICHLET', 'BETA', 'PLATT']",PLATT,0.0008732234482501378
Toxicity,binary,tabular,NAIVE_BAYES,3,"['MATRIXSCALING', 'ISOTONIC', 'MIXANDMATCH']",MATRIXSCALING,0.008409420081547325
Toxicity,binary,tabular,RANDOM_FOREST,3,"['DIRICHLET', 'AdaptiveTemperatureScaling', 'MIXANDMATCH']",DIRICHLET,0.015821894577571327
Toxicity,binary,tabular,SVM,3,"['TEMPERATURESCALING', 'IMAX', 'META']",TEMPERATURESCALING,0.032683656896863665
Toxicity,binary,tabular,XGBOOST,3,"['MATRIXSCALING', 'HISTOGRM', 'ISOTONIC']",MATRIXSCALING,0.009871205261775429
USPS,multi-class,image,MOBILENET,3,"['PLATT', 'DIRICHLET', 'MIXANDMATCH']",PLATT,0.022738890821048387
USPS,multi-class,image,RESNET18,3,"['MATRIXSCALING', 'TEMPERATURESCALING', 'IMAX']",TEMPERATURESCALING,0.0196388392942606
USPS,multi-class,image,VGG16,3,"['AdaptiveTemperatureScaling', 'ISOTONIC', 'PLATT']",PLATT,0.014849784761613999
USPS,multi-class,image,VGG19,3,"['PLATT', 'HISTOGRM', 'DIRICHLET']",DIRICHLET,0.011254141148964933
Zombies-Apocalypse,binary,tabular,ADABOOST,3,"['TEMPERATURESCALING', 'IMAX', 'DIRICHLET']",TEMPERATURESCALING,0.0
Zombies-Apocalypse,binary,tabular,DECISION_TREE,3,"['PLATT', 'VECTORSCALING', 'EMPIRICALBINNING']",PLATT,9.99422766767566e-13
Zombies-Apocalypse,binary,tabular,GRADIENT_BOOSTING,3,"['TEMPERATURESCALING', 'META', 'ISOTONIC']",TEMPERATURESCALING,0.0
Zombies-Apocalypse,binary,tabular,NAIVE_BAYES,3,"['AdaptiveTemperatureScaling', 'TEMPERATURESCALING', 'PLATT']",TEMPERATURESCALING,0.014357647299766513
Zombies-Apocalypse,binary,tabular,RANDOM_FOREST,3,"['PLATT', 'ISOTONIC', 'MATRIXSCALING']",ISOTONIC,0.0
Zombies-Apocalypse,binary,tabular,SVM,3,"['EMPIRICALBINNING', 'IMAX', 'MATRIXSCALING']",IMAX,0.025000000000000022
Zombies-Apocalypse,binary,tabular,XGBOOST,3,"['MIXANDMATCH', 'BETA', 'EMPIRICALBINNING']",BETA,0.02398654239241116
ad_click,binary,tabular,ADABOOST,3,"['EMPIRICALBINNING', 'IMAX', 'TEMPERATURESCALING']",EMPIRICALBINNING,0.00378103935638183
ad_click,binary,tabular,DECISION_TREE,3,"['EMPIRICALBINNING', 'DIRICHLET', 'IMAX']",DIRICHLET,0.0017739772796631081
ad_click,binary,tabular,GRADIENT_BOOSTING,3,"['HISTOGRM', 'PLATT', 'TEMPERATURESCALING']",PLATT,0.0016601436190478713
ad_click,binary,tabular,NAIVE_BAYES,3,"['AdaptiveTemperatureScaling', 'BETA', 'TEMPERATURESCALING']",TEMPERATURESCALING,0.010581288754940053
ad_click,binary,tabular,RANDOM_FOREST,3,"['BETA', 'HISTOGRM', 'VECTORSCALING']",VECTORSCALING,0.024680390387773504
ad_click,binary,tabular,SVM,3,"['BETA', 'EMPIRICALBINNING', 'IMAX']",EMPIRICALBINNING,2.220446049250313e-16
ad_click,binary,tabular,XGBOOST,3,"['PLATT', 'DIRICHLET', 'BETA']",DIRICHLET,0.0013705730438232644
aids_clinical_trials_group_study_175,binary,tabular,ADABOOST,3,"['EMPIRICALBINNING', 'META', 'MIXANDMATCH']",MIXANDMATCH,0.03073578153815226
aids_clinical_trials_group_study_175,binary,tabular,DECISION_TREE,3,"['DIRICHLET', 'TEMPERATURESCALING', 'META']",TEMPERATURESCALING,0.009699373044700253
aids_clinical_trials_group_study_175,binary,tabular,GRADIENT_BOOSTING,3,"['ISOTONIC', 'META', 'MIXANDMATCH']",ISOTONIC,0.02228241818329433
aids_clinical_trials_group_study_175,binary,tabular,NAIVE_BAYES,3,"['EMPIRICALBINNING', 'TEMPERATURESCALING', 'META']",TEMPERATURESCALING,0.02233977963991251
aids_clinical_trials_group_study_175,binary,tabular,RANDOM_FOREST,3,"['MATRIXSCALING', 'MIXANDMATCH', 'META']",MATRIXSCALING,0.017116881280301886
aids_clinical_trials_group_study_175,binary,tabular,SVM,3,"['DIRICHLET', 'META', 'HISTOGRM']",DIRICHLET,0.02126367292671557
aids_clinical_trials_group_study_175,binary,tabular,XGBOOST,3,"['MATRIXSCALING', 'PLATT', 'TEMPERATURESCALING']",PLATT,0.013210232295026051
desharnais,multi-class,tabular,ADABOOST,3,"['VECTORSCALING', 'MIXANDMATCH', 'BETA']",VECTORSCALING,0.025227020768558317
desharnais,multi-class,tabular,DECISION_TREE,3,"['MATRIXSCALING', 'VECTORSCALING', 'EMPIRICALBINNING']",VECTORSCALING,0.02353087593527403
desharnais,multi-class,tabular,GRADIENT_BOOSTING,3,"['VECTORSCALING', 'BETA', 'AdaptiveTemperatureScaling']",AdaptiveTemperatureScaling,0.07568951564676618
desharnais,multi-class,tabular,NAIVE_BAYES,3,"['MATRIXSCALING', 'DIRICHLET', 'META']",DIRICHLET,0.1614164569798638
desharnais,multi-class,tabular,RANDOM_FOREST,3,"['DIRICHLET', 'HISTOGRM', 'MATRIXSCALING']",DIRICHLET,0.1275948215933407
desharnais,multi-class,tabular,SVM,3,"['MATRIXSCALING', 'MIXANDMATCH', 'META']",MIXANDMATCH,0.08678808282403386
desharnais,multi-class,tabular,XGBOOST,3,"['PLATT', 'EMPIRICALBINNING', 'AdaptiveTemperatureScaling']",PLATT,0.12506891529953745
detect_dataset,binary,tabular,ADABOOST,3,"['META', 'MATRIXSCALING', 'MIXANDMATCH']",MIXANDMATCH,0.002337655416383023
detect_dataset,binary,tabular,DECISION_TREE,3,"['VECTORSCALING', 'EMPIRICALBINNING', 'MIXANDMATCH']",MIXANDMATCH,0.002484825440914773
detect_dataset,binary,tabular,GRADIENT_BOOSTING,3,"['HISTOGRM', 'ISOTONIC', 'MATRIXSCALING']",HISTOGRM,0.00042872415689927
detect_dataset,binary,tabular,NAIVE_BAYES,3,"['BETA', 'META', 'IMAX']",BETA,0.007397673559776841
detect_dataset,binary,tabular,RANDOM_FOREST,3,"['META', 'PLATT', 'EMPIRICALBINNING']",PLATT,0.0008865085003256198
detect_dataset,binary,tabular,SVM,3,"['DIRICHLET', 'MATRIXSCALING', 'EMPIRICALBINNING']",DIRICHLET,0.0024499931667110544
detect_dataset,binary,tabular,XGBOOST,3,"['AdaptiveTemperatureScaling', 'META', 'EMPIRICALBINNING']",AdaptiveTemperatureScaling,0.0036043908535466104
drug200,multi-class,tabular,ADABOOST,3,"['META', 'PLATT', 'TEMPERATURESCALING']",PLATT,0.00010985182662343052
drug200,multi-class,tabular,DECISION_TREE,3,"['MIXANDMATCH', 'IMAX', 'BETA']",IMAX,0.0
drug200,multi-class,tabular,GRADIENT_BOOSTING,3,"['EMPIRICALBINNING', 'PLATT', 'MIXANDMATCH']",PLATT,0.018168559747985917
drug200,multi-class,tabular,NAIVE_BAYES,3,"['BETA', 'HISTOGRM', 'EMPIRICALBINNING']",HISTOGRM,0.05758928571428571
drug200,multi-class,tabular,RANDOM_FOREST,3,"['AdaptiveTemperatureScaling', 'EMPIRICALBINNING', 'IMAX']",IMAX,0.0
drug200,multi-class,tabular,SVM,3,"['META', 'IMAX', 'MATRIXSCALING']",IMAX,0.050000000000000044
drug200,multi-class,tabular,XGBOOST,3,"['DIRICHLET', 'BETA', 'MIXANDMATCH']",DIRICHLET,2.9087066650390625e-05
gender,binary,tabular,ADABOOST,3,"['IMAX', 'ISOTONIC', 'VECTORSCALING']",VECTORSCALING,0.26212064708982197
gender,binary,tabular,DECISION_TREE,3,"['IMAX', 'META', 'AdaptiveTemperatureScaling']",META,0.0
gender,binary,tabular,GRADIENT_BOOSTING,3,"['META', 'VECTORSCALING', 'EMPIRICALBINNING']",META,0.0
gender,binary,tabular,NAIVE_BAYES,3,"['VECTORSCALING', 'MATRIXSCALING', 'META']",META,0.0
gender,binary,tabular,RANDOM_FOREST,3,"['PLATT', 'META', 'AdaptiveTemperatureScaling']",META,0.0
gender,binary,tabular,SVM,3,"['MATRIXSCALING', 'VECTORSCALING', 'EMPIRICALBINNING']",MATRIXSCALING,0.035020291805267334
gender,binary,tabular,XGBOOST,3,"['EMPIRICALBINNING', 'AdaptiveTemperatureScaling', 'MATRIXSCALING']",EMPIRICALBINNING,0.059183673469387764
gina_prior2,multi-class,tabular,ADABOOST,3,"['VECTORSCALING', 'PLATT', 'ISOTONIC']",PLATT,0.0013987998091967296
gina_prior2,multi-class,tabular,DECISION_TREE,3,"['MATRIXSCALING', 'PLATT', 'VECTORSCALING']",MATRIXSCALING,0.021299808143882295
gina_prior2,multi-class,tabular,GRADIENT_BOOSTING,3,"['AdaptiveTemperatureScaling', 'ISOTONIC', 'MATRIXSCALING']",ISOTONIC,0.034379982483704455
gina_prior2,multi-class,tabular,NAIVE_BAYES,3,"['TEMPERATURESCALING', 'META', 'EMPIRICALBINNING']",TEMPERATURESCALING,0.0015746358062760663
gina_prior2,multi-class,tabular,RANDOM_FOREST,3,"['TEMPERATURESCALING', 'BETA', 'IMAX']",TEMPERATURESCALING,0.018638525362145348
gina_prior2,multi-class,tabular,SVM,3,"['IMAX', 'HISTOGRM', 'VECTORSCALING']",HISTOGRM,0.03598237495541963
gina_prior2,multi-class,tabular,XGBOOST,3,"['BETA', 'META', 'TEMPERATURESCALING']",TEMPERATURESCALING,0.027092218527876324
heart-long-beach,multi-class,tabular,ADABOOST,3,"['HISTOGRM', 'DIRICHLET', 'META']",DIRICHLET,4.372596740720436e-05
heart-long-beach,multi-class,tabular,DECISION_TREE,3,"['ISOTONIC', 'VECTORSCALING', 'MATRIXSCALING']",ISOTONIC,0.05061744833393465
heart-long-beach,multi-class,tabular,GRADIENT_BOOSTING,3,"['IMAX', 'AdaptiveTemperatureScaling', 'HISTOGRM']",AdaptiveTemperatureScaling,0.05635789111256599
heart-long-beach,multi-class,tabular,NAIVE_BAYES,3,"['BETA', 'ISOTONIC', 'AdaptiveTemperatureScaling']",AdaptiveTemperatureScaling,0.06540097892284394
heart-long-beach,multi-class,tabular,RANDOM_FOREST,3,"['PLATT', 'BETA', 'DIRICHLET']",PLATT,0.0174344390942441
heart-long-beach,multi-class,tabular,SVM,3,"['VECTORSCALING', 'TEMPERATURESCALING', 'PLATT']",PLATT,0.0006967480655974412
heart-long-beach,multi-class,tabular,XGBOOST,3,"['META', 'AdaptiveTemperatureScaling', 'DIRICHLET']",META,0.04999999999999999
income_evaluation,binary,tabular,ADABOOST,3,"['AdaptiveTemperatureScaling', 'EMPIRICALBINNING', 'IMAX']",AdaptiveTemperatureScaling,0.007253985461342362
income_evaluation,binary,tabular,DECISION_TREE,3,"['META', 'MATRIXSCALING', 'HISTOGRM']",MATRIXSCALING,0.01182811185729021
income_evaluation,binary,tabular,GRADIENT_BOOSTING,3,"['TEMPERATURESCALING', 'MATRIXSCALING', 'AdaptiveTemperatureScaling']",TEMPERATURESCALING,0.03184732204938326
income_evaluation,binary,tabular,NAIVE_BAYES,3,"['TEMPERATURESCALING', 'PLATT', 'ISOTONIC']",ISOTONIC,0.0070371515728816485
income_evaluation,binary,tabular,RANDOM_FOREST,3,"['VECTORSCALING', 'BETA', 'PLATT']",BETA,0.00541965423097394
income_evaluation,binary,tabular,SVM,3,"['IMAX', 'AdaptiveTemperatureScaling', 'BETA']",BETA,0.005327195549961391
income_evaluation,binary,tabular,XGBOOST,3,"['MATRIXSCALING', 'TEMPERATURESCALING', 'PLATT']",PLATT,0.003813911266834658
kc2,binary,tabular,ADABOOST,3,"['MATRIXSCALING', 'META', 'BETA']",BETA,0.057710078333507706
kc2,binary,tabular,DECISION_TREE,3,"['MIXANDMATCH', 'VECTORSCALING', 'PLATT']",MIXANDMATCH,0.03761914003463017
kc2,binary,tabular,GRADIENT_BOOSTING,3,"['AdaptiveTemperatureScaling', 'MIXANDMATCH', 'HISTOGRM']",HISTOGRM,0.04002611145468286
kc2,binary,tabular,NAIVE_BAYES,3,"['PLATT', 'VECTORSCALING', 'MATRIXSCALING']",VECTORSCALING,0.04004157100405016
kc2,binary,tabular,RANDOM_FOREST,3,"['TEMPERATURESCALING', 'DIRICHLET', 'MATRIXSCALING']",TEMPERATURESCALING,0.01752573138191586
kc2,binary,tabular,SVM,3,"['TEMPERATURESCALING', 'HISTOGRM', 'VECTORSCALING']",TEMPERATURESCALING,0.04538263196036929
kc2,binary,tabular,XGBOOST,3,"['DIRICHLET', 'AdaptiveTemperatureScaling', 'BETA']",DIRICHLET,0.03892534744171865
monks-problems-1,binary,tabular,ADABOOST,3,"['ISOTONIC', 'HISTOGRM', 'IMAX']",IMAX,0.03658527561596463
monks-problems-1,binary,tabular,DECISION_TREE,3,"['HISTOGRM', 'AdaptiveTemperatureScaling', 'BETA']",HISTOGRM,0.0
monks-problems-1,binary,tabular,GRADIENT_BOOSTING,3,"['BETA', 'TEMPERATURESCALING', 'PLATT']",TEMPERATURESCALING,0.0
monks-problems-1,binary,tabular,NAIVE_BAYES,3,"['HISTOGRM', 'EMPIRICALBINNING', 'PLATT']",PLATT,0.061161582242699374
monks-problems-1,binary,tabular,RANDOM_FOREST,3,"['BETA', 'META', 'IMAX']",META,0.0
monks-problems-1,binary,tabular,SVM,3,"['TEMPERATURESCALING', 'DIRICHLET', 'VECTORSCALING']",TEMPERATURESCALING,0.04174116786037171
monks-problems-1,binary,tabular,XGBOOST,3,"['AdaptiveTemperatureScaling', 'BETA', 'HISTOGRM']",BETA,1.6540145090337965e-05
postoperative-patient-data,binary,tabular,ADABOOST,3,"['MIXANDMATCH', 'DIRICHLET', 'BETA']",DIRICHLET,0.0022600425614250907
postoperative-patient-data,binary,tabular,DECISION_TREE,3,"['MATRIXSCALING', 'MIXANDMATCH', 'ISOTONIC']",ISOTONIC,1.1102230246251565e-16
postoperative-patient-data,binary,tabular,GRADIENT_BOOSTING,3,"['HISTOGRM', 'AdaptiveTemperatureScaling', 'DIRICHLET']",HISTOGRM,0.04629629629629628
postoperative-patient-data,binary,tabular,NAIVE_BAYES,3,"['META', 'IMAX', 'EMPIRICALBINNING']",META,0.1225174003177219
postoperative-patient-data,binary,tabular,RANDOM_FOREST,3,"['IMAX', 'AdaptiveTemperatureScaling', 'MIXANDMATCH']",MIXANDMATCH,1.3245476604417661e-08
postoperative-patient-data,binary,tabular,SVM,3,"['VECTORSCALING', 'PLATT', 'MIXANDMATCH']",PLATT,0.0009404586329703202
postoperative-patient-data,binary,tabular,XGBOOST,3,"['BETA', 'IMAX', 'TEMPERATURESCALING']",TEMPERATURESCALING,0.00021600723266601562
preterm,binary,tabular,ADABOOST,3,"['EMPIRICALBINNING', 'MIXANDMATCH', 'PLATT']",MIXANDMATCH,0.0
preterm,binary,tabular,DECISION_TREE,3,"['MATRIXSCALING', 'PLATT', 'TEMPERATURESCALING']",TEMPERATURESCALING,0.0
preterm,binary,tabular,GRADIENT_BOOSTING,3,"['EMPIRICALBINNING', 'ISOTONIC', 'MATRIXSCALING']",MATRIXSCALING,5.960464477539063e-08
preterm,binary,tabular,NAIVE_BAYES,3,"['EMPIRICALBINNING', 'PLATT', 'AdaptiveTemperatureScaling']",PLATT,2.902781348623762e-10
preterm,binary,tabular,RANDOM_FOREST,3,"['MATRIXSCALING', 'EMPIRICALBINNING', 'BETA']",MATRIXSCALING,1.049041748046875e-05
preterm,binary,tabular,SVM,3,"['AdaptiveTemperatureScaling', 'META', 'MIXANDMATCH']",AdaptiveTemperatureScaling,0.011975059906641642
preterm,binary,tabular,XGBOOST,3,"['AdaptiveTemperatureScaling', 'DIRICHLET', 'ISOTONIC']",ISOTONIC,0.0
wdbc,binary,tabular,ADABOOST,3,"['TEMPERATURESCALING', 'MIXANDMATCH', 'VECTORSCALING']",TEMPERATURESCALING,0.010079247909679716
wdbc,binary,tabular,DECISION_TREE,3,"['DIRICHLET', 'HISTOGRM', 'IMAX']",DIRICHLET,0.007332706137707335
wdbc,binary,tabular,GRADIENT_BOOSTING,3,"['VECTORSCALING', 'PLATT', 'EMPIRICALBINNING']",PLATT,0.011597438825435274
wdbc,binary,tabular,NAIVE_BAYES,3,"['TEMPERATURESCALING', 'PLATT', 'DIRICHLET']",DIRICHLET,0.007141500188593275
wdbc,binary,tabular,RANDOM_FOREST,3,"['MIXANDMATCH', 'TEMPERATURESCALING', 'MATRIXSCALING']",TEMPERATURESCALING,0.008861932315324478
wdbc,binary,tabular,SVM,3,"['HISTOGRM', 'EMPIRICALBINNING', 'ISOTONIC']",HISTOGRM,0.01535087719298245
wdbc,binary,tabular,XGBOOST,3,"['VECTORSCALING', 'DIRICHLET', 'META']",DIRICHLET,0.023806328313392557
wheat,multi-class,tabular,ADABOOST,3,"['HISTOGRM', 'TEMPERATURESCALING', 'MATRIXSCALING']",MATRIXSCALING,0.05506270556222825
wheat,multi-class,tabular,DECISION_TREE,3,"['BETA', 'META', 'VECTORSCALING']",META,0.0
wheat,multi-class,tabular,GRADIENT_BOOSTING,3,"['VECTORSCALING', 'EMPIRICALBINNING', 'MIXANDMATCH']",VECTORSCALING,0.020665402923311482
wheat,multi-class,tabular,NAIVE_BAYES,3,"['VECTORSCALING', 'META', 'DIRICHLET']",META,0.0
wheat,multi-class,tabular,RANDOM_FOREST,3,"['VECTORSCALING', 'MIXANDMATCH', 'IMAX']",VECTORSCALING,0.04732472839809602
wheat,multi-class,tabular,SVM,3,"['EMPIRICALBINNING', 'META', 'MATRIXSCALING']",META,0.0
wheat,multi-class,tabular,XGBOOST,3,"['IMAX', 'MATRIXSCALING', 'HISTOGRM']",HISTOGRM,0.04419951741380313
wilt,binary,tabular,ADABOOST,3,"['AdaptiveTemperatureScaling', 'HISTOGRM', 'MIXANDMATCH']",HISTOGRM,0.0002740765727778382
wilt,binary,tabular,DECISION_TREE,3,"['MIXANDMATCH', 'HISTOGRM', 'IMAX']",HISTOGRM,3.3306690738754696e-16
wilt,binary,tabular,GRADIENT_BOOSTING,3,"['TEMPERATURESCALING', 'ISOTONIC', 'META']",TEMPERATURESCALING,0.0031963767837887105
wilt,binary,tabular,NAIVE_BAYES,3,"['VECTORSCALING', 'META', 'IMAX']",IMAX,0.014633856344321561
wilt,binary,tabular,RANDOM_FOREST,3,"['ISOTONIC', 'HISTOGRM', 'DIRICHLET']",DIRICHLET,0.0034083075020923588
wilt,binary,tabular,SVM,3,"['AdaptiveTemperatureScaling', 'PLATT', 'HISTOGRM']",PLATT,0.0012745027811786576
wilt,binary,tabular,XGBOOST,3,"['MIXANDMATCH', 'ISOTONIC', 'EMPIRICALBINNING']",ISOTONIC,0.008366946569149008
wine_data,multi-class,tabular,ADABOOST,3,"['VECTORSCALING', 'AdaptiveTemperatureScaling', 'MATRIXSCALING']",MATRIXSCALING,0.01328765799956662
wine_data,multi-class,tabular,DECISION_TREE,3,"['BETA', 'PLATT', 'VECTORSCALING']",BETA,0.008701270841220632
wine_data,multi-class,tabular,GRADIENT_BOOSTING,3,"['MATRIXSCALING', 'PLATT', 'AdaptiveTemperatureScaling']",PLATT,0.014086948900411142
wine_data,multi-class,tabular,NAIVE_BAYES,3,"['MIXANDMATCH', 'BETA', 'PLATT']",PLATT,0.023896503994277164
wine_data,multi-class,tabular,RANDOM_FOREST,3,"['BETA', 'TEMPERATURESCALING', 'PLATT']",TEMPERATURESCALING,0.05151009329372928
wine_data,multi-class,tabular,SVM,3,"['HISTOGRM', 'META', 'AdaptiveTemperatureScaling']",META,0.013581308120367522
wine_data,multi-class,tabular,XGBOOST,3,"['VECTORSCALING', 'ISOTONIC', 'META']",META,0.007964910694531056
